Model_name,CV_TrainMAE,CV_TrainRMSE,CV_TestMAE,CV_TestRMSE,CV_fit_time_ges,TrainRMSE,TrainMAE,TestRMSE,TestMAE,TrainTime_ges,Features,Feature-Anzahl
Linear Regressor,33.32097285877453,71.2989252639466,33.47967857090591,71.31265523713978,0.15282163619995118,71.33009428889324,33.328903530136394,74.5617495122263,34.98067757748474,0.012766599655151367,"[0, 1, 2, 3, 4, 5, 6, 7, 8, 9, 10, 11, 12, 13, 14, 15, 16, 17, 18, 19, 20, 21, 22, 23, 24, 25, 26, 27, 28, 29]",30
SVR,28.817818056901114,68.87256408288087,33.49588957295589,71.70604435008347,1.8380886554718017,69.02136466715756,29.017691042795434,74.57332760315177,34.86746819227602,2.8934762477874756,"[0, 1, 2, 3, 4, 5, 6, 7, 8, 9, 10, 11, 12, 13, 14, 15, 16, 17, 18, 19, 20, 21, 22, 23, 24, 25, 26, 27, 28, 29]",30
Random Forest,15.386629309529425,41.53004290678677,33.76523644240429,70.87675465451767,14.962391090393066,40.94466968433192,15.254852436693636,73.28017864246245,35.10034464895768,18.529670238494873,"[0, 1, 2, 3, 4, 5, 6, 7, 8, 9, 10, 11, 12, 13, 14, 15, 16, 17, 18, 19, 20, 21, 22, 23, 24, 25, 26, 27, 28, 29]",30
Gradient Boosting,15.300182520100645,36.49192493957604,36.03127095292585,71.95016829574062,0.5847108840942383,39.77488436574517,16.914513810715125,73.68809483424863,37.20485557717356,0.6446585655212402,"[0, 1, 2, 3, 4, 5, 6, 7, 8, 9, 10, 11, 12, 13, 14, 15, 16, 17, 18, 19, 20, 21, 22, 23, 24, 25, 26, 27, 28, 29]",30
